Rank,Player,Position,School,PFF Grade,Analysis
1,Fernando Mendoza,QB,Indiana,91.6,"Mendoza doesn't have rare physical gifts, but his football IQ, football character and ball placement are top-class, making him worthy of a first-round selection as an early-impact projection and potential franchise quarterback."
2,Arvell Reese,LB,Ohio State,75.8,"Reese is an elite athlete for the position with exceptional strength. While still developing in coverage, he has the tools to become a versatile defensive weapon."
3,Jeremiyah Love,HB,Notre Dame,93.1,"Simply put, Jeremiyah Love is what a first-round running back looks like: frame, athleticism, coordination and playmaker mentality. He brings true impact value in the running and passing games."
4,Sonny Styles,LB,Ohio State,88.6,"Styles is an attacking linebacker with excellent anticipation who thrives when playing downhill. His movement skills are strong, though his experience in coverage is still developing."
5,Rueben Bain Jr.,ED,Miami (FL),92.8,"Bain's lack of length will be a talking point, but his production and play strength outweigh those concerns. He consistently wins with power and intelligence as both a run defender and pass rusher."
6,David Bailey,ED,Texas Tech,93.3,"Bailey lacks ideal size and length but compensates with elite explosiveness and twitch. He may not be a three-down player, but his pass-rush upside is significant."
7,Francis Mauigoa,T,Miami (FL),82.6,"Mauigoa is a well-built, well-rounded tackle prospect with a high floor as a projected starter. He brings power in the run game and quick feet in pass protection, though his ceiling may be limited by average length and kick-slide ability."
8,Caleb Downs,S,Ohio State,87.5,"Downs lacks elite size or athletic traits, but his football IQ is exceptional. That gives him a high floor and ceiling, with All-Pro potential in a versatile defensive role."
9,Mansoor Delane,CB,LSU,90.5,"Delane is a long, quick outside corner with excellent instincts and ball skills. He has the tools to start in both press and off coverage and match up against top receivers."
10,Carnell Tate,WR,Ohio State,88.6,"Tate offers one of the highest floors among true juniors, thanks to strong hands and a consistently reliable track record as a blocker. His understanding of route running and releases is already NFL-caliber, and if he continues to add functional strength, he has the potential to become an impact receiver at the next level."
11,Dillon Thieneman,S,Oregon,91.0,Thieneman has developed into a versatile safety who excels in coverage and downhill run support. He projects as a starting-caliber player in any scheme.
12,Spencer Fano,T,Utah,83.9,"Fano is somewhat undersized for the position, which shows up in his power, but he is an impressive athlete with explosiveness, fluidity and balance. His grip strength and competitiveness make him a strong fit for an outside zone scheme."
13,Monroe Freeling,T,Georgia,72.3,"Freeling has ideal size for the position but remains inexperienced as a true junior entrant. He is a good mover best suited for an inside zone-heavy scheme, though he must continue to develop strength and anticipation to reach his starting potential."
14,Kenyon Sadiq,TE,Oregon,70.4,"Sadiq is an ideal modern tight end in terms of athleticism and versatility. He can impact both the receiving and blocking phases, allowing teams to align him all over the formation. While his college production was limited, his upside is significant, making him a strong first-round projection."
15,Makai Lemon,WR,USC,90.8,"Lemon lacks ideal size and top-tier NFL athleticism, but his football IQ, elite body control and competitive toughness make him a top-50-caliber prospect. He projects as a starting inside-the-numbers receiver, primarily in the slot, with added return value."
16,Olaivavega Ioane,G,Penn State,80.0,"Ioane broke out in 2025, earning an 80.0 overall grade, including an 87.0 pass-blocking grade that ranked 12th among 374 FBS guards. He excelled in stable pass-pro situations, grading in the 90th percentile on true pass sets and 95th percentile on five- and seven-step drops. Across 311 pass-blocking snaps, he allowed just four total hurries."
17,Jermod McCoy,CB,Tennessee,,"McCoy's medical evaluations will be critical, but based on his measurables and 2024 tape, he profiles as a first-round talent with shutdown potential in press-man coverage."
18,CJ Allen,LB,Georgia,75.8,"Allen is a physical, reliable middle linebacker with strong run-defense ability. His length limitations are notable, but he flashes enough in coverage to project as a starter."
19,Jordyn Tyson,WR,Arizona State,82.9,"Tyson has WR1 ability and versatility. His explosiveness is not just NFL-caliber but has the potential to be top-tier at the next level. If he continues to refine his technique — particularly his releases and route running — and can stay healthy despite a consistent injury history, he has the upside to develop into a Pro Bowl- and even All-Pro-caliber player."
20,Akheem Mesidor,ED,Miami (FL),92.5,"Mesidor will be one of the older prospects in the class, but his pass-rush traits and technique stand out. He projects as a top-50 pick with an impact role as a 3-4 outside linebacker."
21,Emmanuel McNeil-Warren,S,Toledo,91.9,"McNeil-Warren is a big, explosive safety with a knack for creating turnovers. He projects as a potential impact starter in a box role."
22,Keldric Faulk,ED,Auburn,75.8,"Faulk is not a pure pass rusher, but his length and strength make him an ideal fit for multiple or odd fronts. He excels at holding the line of scrimmage and generating pressure through power."
23,Avieon Terrell,CB,Clemson,83.5,"Terrell's lack of length may limit him to zone-heavy schemes, but his elite football IQ and playmaking instincts give him starting potential across multiple systems."
24,Omar Cooper Jr.,WR,Indiana,87.4,"Cooper is a well-rounded, NFL-caliber athlete with a dense frame and strong hands, projecting as a WR2-type at the next level."
25,Blake Miller,T,Clemson,78.5,"Miller has the frame and overall skill set of a potential starting NFL offensive tackle. His experience shows up in his patient, consistent pass protection, and if he continues to add strength, he can develop into an impact player."
26,Cashius Howell,ED,Texas A&M,81.2,"Howell's measurables are not ideal, but his hand usage, burst and pass-rush arsenal allow him to be disruptive in one-on-one situations as a situational edge defender."
27,Kadyn Proctor,T,Alabama,86.1,"Proctor is a massive, powerful offensive line prospect with surprisingly good coordination and movement ability for his size. However, his lack of ideal foot speed and arm length for tackle likely makes him a strong candidate to move inside to guard"
28,Kayden McDonald,DI,Ohio State,86.7,"McDonald posted a career-best 86.0 PFF grade in 2025, fueled by elite run defense, where his 91.2 grade ranked first among qualifying FBS interior defenders. He backed that up with top-tier stability, landing in the 99th percentile in run-stop rate and 95th percentile in run-defense grade. The pass-rush profile remains limited, though, with a 63.1 grade and sub-15th percentile marks in both overall and true pass-rush situations."
29,T.J. Parker,ED,Clemson,80.6,Parker is a well-rounded edge defender who does many things at a solid level but lacks a true difference-making trait. He projects as a rotational player with starting potential if he develops more strength or explosiveness.
30,Max Iheanachor,T,Arizona State,72.5,"Iheanachor, who only began playing football in 2021, is still developing and can be inconsistent technically. However, he possesses the physical tools of a starting-caliber offensive tackle, particularly in zone schemes."
31,Denzel Boston,WR,Washington,88.0,"Boston is a smooth-moving ""X"" receiver with the size and skill set to develop into a starting outside receiver at the next level. He is less comfortable and productive against zone coverage, but in single-coverage situations, he is often the player to bet on thanks to his elite hand strength."
32,Caleb Banks,DI,Florida,68.8,"Banks' length and strength are best utilized in an odd front, particularly in a 3-4 scheme. In that role, he can occupy space, shed blocks and contribute as a complementary pass rusher rather than a primary one."
33,Peter Woods,DI,Clemson,72.5,"Woods offers an ideal blend of size, strength and athleticism, with true scheme versatility. His explosive first step and ability to convert speed to power make him disruptive at the line of scrimmage. If he expands his pass-rush plan, he can turn pressures into more impactful production."
34,Colton Hood,CB,Tennessee,79.2,"Hood is a talented but inconsistent young prospect who needs further development. With only one full season as a starter, he may struggle early if tasked with covering NFL receivers right away."
35,KC Concepcion,WR,Texas A&M,78.4,"Concepcion is a versatile athlete who has found success in the slot, out wide and even in the backfield, though his best fit at the next level is likely as a hybrid Z or slot receiver. He excels in the quick game, where his yards-after-the-catch ability can be a primary strength."
36,Emmanuel Pregnon,G,Oregon,86.7,"Pregnon took a major leap in 2025, earning an 86.7 PFF grade across a career-high 910 snaps after never dipping below 625 snaps in any season. His 88.1 pass-blocking grade ranked seventh among FBS guards, and he allowed just one sack, two hits and two hurries on 471 pass-blocking snaps. He flashed high-end upside with 85th-percentile marks on true pass sets and elite production in zone schemes (98th percentile zone run-blocking grade)."
37,Christen Miller,DI,Georgia,84.5,"Miller has a strong frame with good length and rare twitch for an interior defender. His quick first step and leverage make him a reliable run defender, and his processing ability adds to his projection, though he must continue to develop his anchor."
38,Caleb Lomu,T,Utah,68.4,"Lomu is a well-built, ascending tackle prospect with a strong foundation. He could compete for starting reps early, and with added strength and experience, he projects as a reliable NFL starter."
39,Lee Hunter,DI,Texas Tech,80.9,"Hunter showed steady improvement across four seasons, culminating in a career-best 80.9 PFF grade in 2025. He earned an 84.5 run-defense grade, 12th among FBS interior defenders, finishing in the 96th percentile in run-stop rate. His pass-rush profile was solid but unspectacular, generating 26 pressures and a 72.1 grade, with above-average marks in both overall and true pass-rush situations."
40,Zion Young,ED,Missouri,85.0,"Young is a well-built, high-effort edge defender who brings consistent energy and strength in run defense. His overall athletic limitations may cap his pass-rush production."
41,Brandon Cisse,CB,South Carolina,75.2,"Cisse can lack physicality at times, but his explosiveness and twitch give him the tools to develop into a starting NFL cornerback."
42,Ty Simpson,QB,Alabama,83.1,"Simpson has intriguing NFL traits both as a passer and as an athlete, flashing high-level throws against zone coverage and posting a strong success rate attacking the middle of the field. However, his limited starting experience at the college level shows up in his timing, inconsistent ball placement and uneven performance under pressure. He would benefit from landing in a situation that allows him to sit and develop early, though the physical tools and flashes suggest legitimate starting upside."
43,D'Angelo Ponds,CB,Indiana,89.9,"Ponds plays with clear passion and urgency every snap. While his size, athleticism and strength limitations cap his ceiling, his football IQ and instincts give him starter potential as a zone defender."
44,Chris Bell,WR,Louisville,81.8,"Bell offers an impressive blend of size — particularly weight — and explosiveness as a WR2 in a vertical offense. Some tightness in his lateral movements limits his ability to win with nuanced route-running, but when kept on vertical or horizontal routes, he can generate separation on deep routes and create yards after the catch on shorter touches."
45,Jacob Rodriguez,LB,Texas Tech,93.0,"Rodriguez has elite football IQ but lacks the physical tools to match. His instincts keep him in position, though his limited range and power cap his ceiling."
46,Chris Johnson,CB,San Diego State,91.6,"Johnson is scheme-dependent and best suited for off coverage rather than press. In that role, he excels with physicality, spacing, anticipation and ball skills."
47,R Mason Thomas,ED,Oklahoma,85.3,"Thomas brings explosive traits from his track background, giving him pass-rush upside despite size limitations. He projects as a situational contributor."
48,Chase Bisontis,G,Texas A&M,62.4,"Bisontis posted a 62.4 PFF grade in 2025 across a career-high 795 snaps after earning marks of 55.2 in 2023 and 70.2 in 2024. He ranked in the 56th percentile in run-blocking grade on zone runs, 23rd percentile on gap runs and 59th percentile in pass-blocking grade on true pass sets."
49,Germie Bernard,WR,Alabama,71.9,"Bernard has developed into a solid, high-floor receiver with good nuance and football IQ, though his limited physical and athletic ceiling projects him more as a depth option than a consistent contributor."
50,Keith Abney II,CB,Arizona State,86.3,"Abney's lack of length and top-tier athleticism may limit him to zone schemes, but his competitiveness and run-defense mentality make him a valuable rotational defensive back with starter potential."
51,Gabe Jacas,ED,Illinois,78.0,"Jacas can be reactionary at times, but when he diagnoses plays correctly, he shows NFL-level playmaking ability. His build and strength support versatility as a 3-4 defensive end or outside linebacker."
52,A.J. Haulcy,S,LSU,86.6,"Haulcy is a true deep safety with strong range, ball skills and an aggressive playmaking mentality. He projects as a starter in systems that keep him in a traditional backend role."
53,Eli Stowers,TE,Vanderbilt,81.6,"Stowers is a natural, versatile athlete with a high usage rate over the past two seasons, projecting to a contributing NFL role. He is best utilized as a backfield or big-slot option rather than as an in-line blocker, where his impact is limited."
54,Malachi Lawrence,ED,UCF,80.1,"Lawrence has the tools to be a rotational 3-4 outside linebacker, but inconsistencies in both strengths and weaknesses may limit him to a flash player role."
55,Keionte Scott,CB,Miami (FL),89.6,"Scott is a tone-setter in run defense with a physical mentality. His zone coverage is adequate, but man coverage limitations may restrict his role."
56,Jadarian Price,HB,Notre Dame,78.6,"Price has the look, strength and explosiveness of an NFL back. His vision and anticipation for space can be hot and cold behind man-blocking concepts between the tackles, but in a zone-blocking scheme, he can be an effective part of a two-man backfield."
57,Gennings Dunker,T,Iowa,82.0,"Dunker has tackle experience but projects best to guard due to his build and skill set. He flashes devastating power, particularly in zone schemes, but must clean up inconsistencies with balance and patience to raise his floor."
58,Chris Brazzell II,WR,Tennessee,79.4,"Brazzell is a boom-or-bust vertical receiver capable of posting 100 yards one week and 20 the next. His route tree is limited, but what he does — winning downfield — he does very well. In a vertical offense, he projects as a high-upside outside receiver who will likely begin his career as a WR3. If a team bets on his skill set and he hits, he has the potential to become an impact player."
59,Jake Golday,LB,Cincinnati,82.4,"Golday has intriguing length and athleticism with starter potential, but he must improve instincts and anticipation. At worst, he profiles as a strong depth and special teams option."
60,Skyler Bell,WR,Connecticut,81.6,"Bell looked uncoverable at times against his level of competition in his final season and, despite below-average size and athleticism, produced like a top-100 prospect as a productive slot receiver."
61,Treydan Stukes,CB,Arizona,90.1,"Stukes worked his way from walk-on to starter and projects best as a hybrid slot defender. While he lacks top-tier athleticism for outside roles, his instincts and playmaking ability stand out."
62,Bryce Lance,WR,North Dakota State,89.5,"Lance dominated FCS competition as a versatile ""X"" receiver. He moves well for his size and pairs that with reliable contested-catch production, giving him a strong case as an early Day 3 pick with the potential to develop into a contributing NFL receiver."
63,Joshua Josephs,ED,Tennessee,87.1,Josephs has an appealing blend of size and explosiveness but must improve his technique and anticipation to reach his potential.
64,Caleb Tiernan,T,Northwestern,70.5,"Tiernan is a smart, balanced and experienced tackle whose limitations stem from a naturally high pad level and shorter arm length. Despite that, his technique and football IQ give him a path to a starting role."
65,Derrick Moore,ED,Michigan,89.9,"Moore is a smaller edge defender who wins with quickness and pass-rush IQ. His lack of length may limit sack totals, but he can contribute as a rotational 3-4 outside linebacker."
66,Josiah Trotter,LB,Missouri,72.7,"Trotter is a physical, downhill linebacker best suited for a 3-4 scheme. He must improve in coverage and play recognition to become a consistent starter."
67,Dani Dennis-Sutton,ED,Penn State,80.1,"Dennis-Sutton projects best as a 3-4 defensive end with some 4-3 flexibility. His length and size are clear strengths, though his agility in space is more limited. With ascending play, he could be drafted higher than his current tape suggests."
68,Davison Igbinosun,CB,Ohio State,81.6,"Igbinosun has the size and physicality teams want in press-man coverage, but he must clean up his technique and avoid panic at the catch point to limit penalties."
69,Antonio Williams,WR,Clemson,80.3,"Williams is a quick, precise slot-only receiver with strong separation metrics but a low average depth of target. His special teams experience helps support his projection as a depth receiver."
70,Gracen Halton,DI,Oklahoma,84.7,"Halton is an undersized, versatile defensive lineman who wins with quickness, effort and movement skills. His lack of strength can be an issue, but he fits well in multiple or movement-based fronts."
71,Mike Washington Jr.,HB,Arkansas,78.3,"Washington brings alluring size, straight-line speed and yards-after-contact potential as a power back, but also noticeably good vision and footwork to be a potential early-down back in a committee in a man- or gap-scheme run game."
72,Domonique Orange,DI,Iowa State,68.3,"Orange is a massive defensive line prospect with elite power potential, supported by impressive weight-room strength. His first-step explosiveness allows him to generate strong speed-to-power as a bull rusher, particularly in attack mode. However, his hand speed and pass-rush finesse are limited, which impacts his ability to disengage consistently. He projects best as a high-effort, power-based lineman in a 3-4 scheme."
73,Elijah Sarratt,WR,Indiana,86.1,"Sarratt may profile as a below-average athlete for an NFL ""X"" receiver, but there is still plenty to like in his game. His strong hands, coordination and determination at the catch point — combined with his constant competitiveness — give him starter potential as an outside WR2 in offenses that value jump-ball opportunities."
74,Keylan Rutledge,G,Georgia Tech,76.7,"Rutledge delivered a steady 2025 campaign, earning a 78.4 pass-blocking grade and 76.8 run-blocking grade while not allowing a sack. He surrendered just six total pressures (two hits, four hurries) His career splits suggest a scheme-dependent run blocker, though, with below-average production on zone concepts (8th percentile) compared to gap schemes (39th percentile)."
75,Zachariah Branch,WR,Georgia,82.0,"Branch is a likely Day 2 pick due to his rare, difference-making athleticism. However, he relies heavily on speed and must continue to refine the nuance and technique in his route running to avoid being limited to a special teams role."
76,Max Klare,TE,Ohio State,69.3,"Klare is a lighter tight end whose blocking flashes but lacks consistency. He compensates with savvy receiving skills and reliable hands, projecting as a potential starter for teams that prioritize tight end involvement in the passing game."
77,Romello Height,ED,Texas Tech,92.5,Height shows pass-rush ability with quickness and technique but must add strength to hold up consistently. His projection depends on maintaining athleticism as he develops physically.
78,Deion Burks,WR,Oklahoma,64.1,"Burks' size and production do not clearly point to a future NFL contributor, but his athleticism and strength make him difficult to dismiss. He offers intriguing upside as an explosive slot receiver, though he may not fit every scheme."
79,Darrell Jackson Jr.,DI,Florida State,74.4,"Jackson is a massive, powerful defensive tackle with imposing physical traits. When his hand usage is right, he can be dominant, but inconsistency in technique and processing limits his impact. He remains a high-upside prospect."
80,Connor Lew,C,Auburn,67.6,"Lew is a technically sound center with excellent leverage, balance and posture. His consistent fundamentals allow him to win positioning battles, though he can struggle against top-end power due to his lighter build. His upside is high given his age and technique."
81,Kyle Louis,LB,Pittsburgh,73.1,"Louis is an undersized linebacker who projects best as a versatile space defender. In the right role, he can be an impact nickel player thanks to his explosiveness and coverage ability."
82,Kamari Ramsey,S,USC,72.5,"Ramsey provides versatility with the ability to play both safety spots and the slot, particularly in two-high looks. His lighter build and good — but not elite — athleticism cap his ceiling."
83,Chandler Rivers,CB,Duke,79.2,"Rivers logged 3,186 defensive snaps across four seasons at Duke and allowed just one touchdown in coverage in 2025, with a sub-85.0 passer rating when targeted for the third straight year. He earned a 90.7 PFF grade in 2024 before taking a step back in 2025. Over the past three seasons, he has been flagged just four times while playing more than 70% of his snaps on the outside."
84,Sam Hecht,C,Kansas State,80.3,"Hecht delivered a strong 2025 campaign, earning an 80.3 PFF overall grade that ranked fourth among centers. He brings a balanced profile, ranking 10th in PFF run-blocking grade (77.7) while holding up adequately in pass protection. Across 759 snaps, he allowed just seven pressures, with zero sacks and zero quarterback hits, and committed no penalties."
85,Devin Moore,CB,Florida,83.0,"Moore is an appealing Day 2 prospect with a strong blend of length, speed and ball skills for press-man coverage, though his injury history could impact his draft position."
86,Anthony Hill Jr.,LB,Texas,71.6,"Hill is a strong athlete with good length who fits best as a WILL linebacker in a 4-3 scheme, where he can play in space and avoid consistent block engagement."
87,Sam Roush,TE,Stanford,57.1,"Roush has the build of an NFL tight end capable of playing on the line of scrimmage. As a blocking ""Y"" tight end, he can be a valuable piece in heavy personnel packages and some single-tight-end looks, though his impact in the passing game will likely be limited."
88,Jalen Farmer,G,Kentucky,69.8,"Farmer put together a solid but unspectacular 2025 season, earning a 69.8 PFF overall grade that ranked 93rd among guards. His best work came in pass protection, where his 72.4 PFF pass-blocking grade ranked 256th, while his 67.4 run-blocking grade ranked 113th. Across 818 snaps, he allowed 14 pressures, including three sacks and no quarterback hits, and committed one penalty."
89,Daylen Everette,CB,Georgia,69.7,"Everette earned a 69.7 PFF grade across 751 snaps in 2025, highlighted by a 90.1 run-defense grade. In coverage, he allowed 38 receptions on 68 targets for 440 yards and three touchdowns. He recorded one interception and seven pass breakups on the year."
90,Jake Slaughter,C,Florida,79.3,"Slaughter is a smart, finesse center who thrives in zone schemes. He is quick off the ball, coordinated in space and effective at the second level. While his athleticism helps offset below-average size and length, he can struggle against NFL-caliber power in one-on-one situations."
91,LT Overton,ED,Alabama,64.2,"Overton fits best as a 3-4 defensive end with inside-out versatility. He can contribute in a 4-3 as a power end, but his lack of bend and stride length limits his ability to consistently threaten the edge."
92,Keyron Crawford,ED,Auburn,76.3,"Crawford earned a 76.3 PFF overall grade in 2025, ranking 166th among edge defenders, with his impact driven by his pass rush, where he ranked 48th in PFF pass-rush grade (85.8) and generated 43 pressures, including five sacks, 12 quarterback hits and 26 hurries. His 73.9 PFF run-defense grade ranked 237th, and he added 23 solo tackles and one forced fumble across the season."
93,Garrett Nussmeier,QB,LSU,77.1,"Nussmeier brings NFL bloodlines and a polished, foundational approach to the position, traits that fuel his confidence as a vertical pocket passer. However, his average arm strength and below-average stature could create challenges for his aggressive, gunslinging style at the next level."
94,Rayshaun Benny,DI,Michigan,78.2,"Benny earned a 79.3 PFF grade in 2025, ranking 62nd among 887 qualifying interior defenders. He posted a 68.5 pass-rush grade (161st) and an 83.5 run-defense grade (35th). His production leaned toward run defense, with a clear disparity between phases."
95,Logan Jones,C,Iowa,79.0,"Jones is a high-IQ, feisty center with strong athleticism for zone schemes. He moves well laterally and shows good hand usage, but his outlier-short arm length creates challenges sustaining blocks and handling longer defenders."
96,Drew Allar,QB,Penn State,72.4,"Allar has the arm talent to play in any offense in the NFL, but he was gun-shy and too inaccurate in 2025. He's a developmental toolsy prospect who needs some time to refine his game."
97,Ted Hurst,WR,Georgia State,82.0,"Hurst is a long, lean outside ""X"" receiver who brings a solid baseline of blocking and contested-catch ability to the role. He has pro-level vertical speed, but it takes some time to build up. He projects as a Day 3 receiver with the chance to be a contributing player."
98,Genesis Smith,S,Arizona,80.0,"Smith has intriguing size and athletic traits for a single-high role, but inconsistency with physicality and play strength limits his reliability."
99,Jonah Coleman,HB,Washington,82.1,"Coleman may not have the flashy athleticism of a fan-favorite RB1, but his game is efficient, powerful and translatable to NFL success, specifically behind zone-blocking schemes where he can gain momentum and one-cut into rushing lanes. He also brings plus third-down reliability as a receiver and pass protector."
100,Malachi Fields,WR,Notre Dame,75.8,"If Fields attacks the ball in the air with more consistency and urgency, he has a chance to stick on an NFL roster as a big-bodied receiver with reliable blocking and adequate long speed."
101,Markel Bell,T,Miami (FL),72.1,"Bell's size is a rare trait, even at the NFL level. He is a better athlete than expected for his frame, but limitations in foot speed and flexibility could impact his ability to develop into a full-time starter."
102,Jaishawn Barham,ED,Michigan,79.3,
103,Keyshaun Elliott,LB,Arizona State,67.5,
104,Zakee Wheatley,S,Penn State,85.9,"Wheatley is a long, springy athlete best suited for single-high roles. His slender build can be exposed in the box, but he offers strong range and coverage ability in space."
105,Malik Muhammad,CB,Texas,70.8,
106,Michael Trigg,TE,Baylor,72.4,"Trigg may have one of the widest ranges of outcomes in the 2026 class. At his best, his vertical athleticism and contested-catch ability suggest top-50 potential, but inconsistencies with technique and focus create volatility in his projection."
107,Dontay Corleone,DI,Cincinnati,72.6,"Corleone, known as ""The Godfather,"" was one of the most dominant run defenders in 2022, using his size and strength to control the line of scrimmage. His performance has declined in recent seasons, and his 2024 medical history adds some concern. He offers rare quickness for a nose tackle and can control blockers despite shorter arms, though his pass-rush impact remains limited. He projects as a traditional 3-4 nose tackle."
108,Dametrious Crownover,T,Texas A&M,65.2,
109,Anthony Lucas,ED,USC,71.4,"Lucas has an NFL-ready frame and good overall athleticism for his size, but he does not consistently win quickly enough to project as a full-time edge rusher. His length and strength give him versatility across the front in odd schemes."
110,Deontae Lawson,LB,Alabama,77.6,Lawson is undersized but experienced and quick. He projects as a rotational linebacker with some starting potential.
111,Kaleb Proctor,DI,Southeastern Louisiana,86.5,
112,De'Zhaun Stribling,WR,Mississippi,79.2,"Stribling is a strong, competitive receiver with natural hands and a physical playstyle that shows up as a blocker, after the catch and at the catch point. While he lacks the agility to consistently create separation, he has sufficient long speed to remain a vertical threat from any alignment."
113,Carson Beck,QB,Miami (FL),73.6,"Beck enters the NFL with a ton of playing experience, clean fundamentals and a good game manager's mindset. However, his arm talent took a big hit in 2025 after his UCL surgery and could be an unfortunate roadblock to NFL success."
114,Will Lee III,CB,Texas A&M,66.5,
115,Billy Schrauth,G,Notre Dame,74.9,
116,Brenen Thompson,WR,Mississippi State,79.0,
117,Bud Clark,S,TCU,80.4,"Clark is a long, explosive playmaker with strong ball skills, but his lack of strength in run defense will need to be managed."
118,CJ Daniels,WR,Miami (FL),73.3,"Daniels will be one of the oldest prospects in the 2026 class. He represents a traits-over-production profile and, in his current form, offers contributing NFL ability through his suddenness, elite contested-catch production and feisty blocking — albeit with limited long speed and yards-after-the-catch output."
119,Zxavian Harris,DI,Mississippi,73.3,"Harris has intriguing size and length but must find a consistent playing weight to define his role. His high pad level and inconsistent technique limit his impact, projecting him as a rotational player in an odd front."
120,Mikail Kamara,ED,Indiana,71.9,
121,Kage Casey,T,Boise State,80.0,
122,Landon Robinson,DI,Navy,78.2,
123,Tacario Davis,CB,Washington,67.2,
124,Tyreak Sapp,ED,Florida,65.0,"Sapp profiles as a stout rotational run defender with scheme versatility. His pass-rush impact will likely be limited to effort-based pressures, but his physicality gives him a solid floor."
125,Chris McClellan,DI,Missouri,78.2,
126,Brian Parker II,T,Duke,85.5,
127,Seth McGowan,HB,Kentucky,70.1,"McGowan has the build and athleticism to be a starting-caliber back at the NFL level. His explosiveness in short areas and long speed, paired with quick processing and play speed, make him a difference-maker between the tackles in power-run concepts."
128,Jalon Kilgore,CB,South Carolina,69.7,"Kilgore has the length, strength and explosiveness to develop into a starting nickel defender in today's NFL."
129,Justin Joly,TE,North Carolina State,77.9,"Joly is a natural receiving tight end with strong hands, a high football IQ and a competitive edge. While he lacks standout athletic traits, he offers enough to project as a contributor on offense and special teams."
130,Reggie Virgil,WR,Texas Tech,68.5,"Virgil is a high-floor, low-ceiling ""Z"" receiver with the versatility to align both inside and outside the numbers. While his athleticism is not difference-making, his strong hands and reliable blocking give him value as a depth option."
131,Jack Endries,TE,Texas,68.5,Endries profiles as a strong mid-round option for teams that utilize heavier personnel and want to stretch the field vertically. He offers alignment versatility as a slot or wing and contributes as both a pass catcher and lead blocker.
132,Eric McAlister,WR,TCU,76.1,
133,Beau Stephens,G,Iowa,84.9,
134,Jude Bowry,T,Boston College,65.9,"Bowry is a solid athlete with good size who projects as a versatile swing lineman in a zone scheme, though he may lack the power needed to become a full-time starter."
135,Bryce Boettcher,LB,Oregon,77.4,"Boettcher is a high-energy, multi-sport athlete who plays with physicality despite a smaller frame. He could carve out a role in an attacking defensive scheme."
136,Ja'Kobi Lane,WR,USC,77.6,"If you're into long ""X"" receivers who live for contested catches, Lane will be your cup of tea. If low separation scores and YAC numbers spook you, you'll likely stay away."
137,Emmett Johnson,HB,Nebraska,85.6,"Johnson brings excellent footwork and quickness to the backfield, with good receiving ability to boot. His résumé is of a player who can be successful in man- or gap-blocking concepts, with three-down potential, especially as a receiver."
138,Marlin Klein,TE,Michigan,64.6,"Klein is an intriguing young prospect who is relatively new to football but shows the effort and mentality to develop into a difference-making in-line tight end. If he continues to add weight and strength, he projects as a strong TE2-type with blocking upside."
139,Charles Demmings,CB,Stephen F. Austin,79.6,
140,Mason Reiger,ED,Wisconsin,82.4,
141,Jager Burton,C,Kentucky,71.3,
142,Dallen Bentley,TE,Utah,76.9,Bentley produced as a receiving tight end in 2025 but likely lacks the baseline athleticism needed to stick at the next level. He will need to win with anticipation and route nuance to overcome those limitations.
143,Trey Zuhn III,T,Texas A&M,72.7,
144,Tim Keenan III,DI,Alabama,70.8,"Keenan is a traditional, power-based nose tackle who excels in run defense with strength and leverage. His pass-rush ability is limited, and he must develop more active hands and lean into his bull rush to maximize his skill set. He projects as a rotational run defender."
145,Taurean York,LB,Texas A&M,83.7,York wins with elite anticipation and instincts despite below-average measurables. His intelligence and competitiveness give him a chance to stick as a MIKE linebacker.
146,Nicholas Singleton,HB,Penn State,77.6,"Singleton is a gifted athlete, particularly for his size. He has the physical tools to be a productive NFL back, but inconsistent patience and creativity with the ball limit his ceiling. He does offer legitimate third-down potential as a capable receiver and generally reliable pass protector, though he must eliminate the occasional negative play in pass protection."
147,J.C. Davis,T,Illinois,87.8,
148,Nadame Tucker,ED,Western Michigan,91.4,Tucker was highly productive but benefited from lower-level competition. His lack of strength may limit his ability to translate that production to the NFL.
149,Austin Barber,T,Florida,83.5,"Barber, a three-star recruit from Jacksonville, Florida, developed into a multi-year starter at left tackle after beginning his career on the right side. At over 6-foot-6 and 315 pounds, he has a prototypical frame with solid athleticism, flexibility and balance, giving him developmental starting potential."
150,Le'Veon Moss,HB,Texas A&M,75.8,"Moss' injury history will likely push him into Day 3, but he remains a solid all-around back with three-down potential and an RB2 or RB3 projection. His foot quickness and processing ability give him a chance to succeed in man- and gap-scheme blocking concepts."
151,Devon Marshall,CB,North Carolina State,89.8,
152,Max Llewellyn,ED,Iowa,72.3,Llewellyn brings effort and a variety of pass-rush moves but is an average athlete who must improve strength to earn consistent snaps.
153,Isaiah World,T,Oregon,65.4,"World is physically gifted but remains too raw technically to start in his current form. He is a high-ceiling, Day 3 developmental prospect best suited for a power-based run scheme."
154,Jaydn Ott,HB,Oklahoma,53.1,"Ott is a talented back who showed three-down ability as an underclassman, but a puzzling 2025 for him — both in terms of when he was playing and why he wasn't — clouds his draft projection."
155,Cyrus Allen,WR,Cincinnati,72.6,
156,Caleb Douglas,WR,Texas Tech,66.9,"Douglas has the height and length to project as an NFL ""X"" receiver. However, concerns with his long speed and hands make it difficult to envision a consistent contributing role. He will need to add strength across the board to stick on a roster as a boundary receiver."
157,Diego Pounds,T,Mississippi,62.3,
158,Nate Boerkircher,TE,Texas A&M,74.5,"Boerkircher will be one of the oldest prospects in the class as a sixth-year senior, but he showed depth-level NFL ability in 2025. He is a tenacious run blocker with strong competitive toughness and better athleticism than his receiving production suggests. He projects as a Day 3 depth option with versatile blocking value."
159,Kaytron Allen,HB,Penn State,89.5,"Allen is somewhat limited in his overall athletic profile, but when viewed through the lens of a power back — short-yardage efficiency, yards after contact and pass protection — he projects as a useful committee contributor. He fits best in an offense built around man- and gap-scheme concepts between the tackles."
160,Joe Royer,TE,Cincinnati,59.8,"Royer is a receiving-focused tight end best kept out of key blocking situations. He brings above-average athleticism and excellent hands, projecting as a TE2 with flexibility to align in receiver roles."
161,Eli Raridon,TE,Notre Dame,67.6,"Raridon may not develop into a true TE1 due to limited receiving upside, but his blocking ability makes him a strong TE2 option for teams that rely heavily on 12 personnel."
162,Ephesians Prysock,CB,Washington,77.9,
163,DeMonte Capehart,DI,Clemson,71.2,"Capehart is a long, experienced defensive tackle best suited for a nose role. His length is an asset, but he must use it more consistently when stacking and rushing. Limited twitch and slower block-shedding cap his ceiling, though he can contribute as a rotational run defender in a 3-4."
164,Jeremiah Wright,G,Auburn,68.2,
165,Albert Regis,DI,Texas A&M,72.5,"Regis is a high-floor, consistency-driven nose tackle who wins with leverage, positioning and understanding of defensive line play. While he lacks explosiveness and backfield production, he projects as a dependable depth option."
166,Cade Klubnik,QB,Clemson,76.5,"Klubnik brings high football character and a pretty passing style as a touch passer, but there's a good chance he lacks the physical traits or arm talent to be a long-term starter in the pro game. He'll have to be an assassin in his pre-snap reads and post-snap recognition to be a starter — but at worst, he is a preferred long-term backup."
167,Kevin Coleman Jr.,WR,Missouri,78.5,
168,Josh Cameron,WR,Baylor,72.4,"Cameron's receiving game lacks nuance and precision, but it offers intriguing athletic upside through his explosiveness and strength. His elite punt-return experience will likely be his initial path to an NFL roster spot, though he must improve his ability to separate to earn offensive snaps."
169,Kaleb Elarms-Orr,LB,TCU,84.4,
170,Michael Taaffe,S,Texas,88.1,Taaffe wins with intelligence and anticipation rather than physical traits. His size and athletic limitations mean he will need to earn his role through consistency and awareness.
171,Demond Claiborne,HB,Wake Forest,68.7,"Claiborne is a souped-up, scatback-type runner with a sprinter's track background that clearly translates to the field. He is at his best in zone-blocking concepts, where his speed and acceleration can stress defenses. He offers solid receiving upside and projects as an RB3 with special-teams value or as a speed complement in a two-back rotation."
172,Julian Neal,CB,Arkansas,79.5,
173,DJ Campbell,G,Texas,70.9,
174,Josh Cuevas,TE,Alabama,69.6,"Cuevas lacks prototypical size for the position but brings a smart, tenacious play style. He competes as a blocker and can contribute as an intermediate receiving option, projecting as a TE2-type."
175,Thaddeus Dixon,CB,North Carolina,65.2,
176,Aiden Fisher,LB,Indiana,68.1,"Fisher is an experienced, high-effort linebacker but lacks ideal size and athleticism. He projects as a depth player and special teams contributor."
177,Eric Rivers,WR,Georgia Tech,72.7,"Rivers' build may limit his appeal, but there are flashes where he looks uncoverable. He offers depth potential with added value as a returner."
178,Jalen Stroman,S,Notre Dame,79.8,
179,Hezekiah Masses,CB,California,79.5,
180,Aamil Wagner,T,Notre Dame,68.7,"Wagner has an appealing build with a balanced, athletic frame, making him a strong Day 3 developmental prospect. He must improve his foot speed and play strength to reach starting-caliber potential."
181,Jeff Caldwell,WR,Cincinnati,70.0,"Caldwell is the type of vertical ""X"" receiver worth a late-round flier simply because there are few players with his combination of size and explosiveness. However, he must become more technical and nuanced as a route runner — particularly with his releases against the press — to consistently create separation, even on vertical routes, if he is to develop beyond a depth or practice-squad option."
182,Trey Moore,LB,Texas,65.7,
183,Drew Shelton,T,Penn State,70.6,
184,J'Mari Taylor,HB,Virginia,76.1,Taylor's college journey has been defined by having to prove himself at every stop. He brings a compact but strong build suited for the NFL and has the overall talent to project as an RB3 with spot-start potential in power and inside-zone concepts.
185,Ar'maj Reed-Adams,G,Texas A&M,69.1,
186,Aaron Anderson,WR,LSU,72.8,"Anderson is a small but explosive slot-only receiver with strong separation ability and yards-after-the-catch potential. While his size may limit his appeal, he profiles as a solid Day 3 option who can contribute in a rotational role."
187,Kaelon Black,HB,Indiana,83.7,"Black brings strong legs, good burst and the kind of effort coaches appreciate in a hard-nosed running style. However, his run game lacks true difference-making creativity, and his third-down usage is very limited."
188,Pat Coogan,C,Indiana,78.0,
189,Caden Curry,ED,Ohio State,90.6,
190,Miles Kitselman,TE,Tennessee,64.7,"Kitselman has the size and build of an NFL tight end, giving him a solid floor as a rosterable player. He projects as a TE2 with value primarily as an in-line blocker."
191,Owen Heinecke,LB,Oklahoma,76.1,"Heinecke is a smaller, feisty linebacker with good athleticism who projects as a coverage-oriented player and core special teamer early in his career."
192,Quintayvious Hutchins,ED,Boston College,68.7,
193,Nolan Rucci,T,Penn State,75.4,
194,John Michael Gyllenborg,TE,Wyoming,54.1,"Gyllenborg profiles as a high-percentile athlete for the position with strong route-running ability and explosive play potential. He fits best as a receiving tight end who can align in the slot or backfield, though his blocking impact will be limited."
195,Kobe Baynes,G,Kansas,74.3,
196,Eli Heidenreich,FB,Navy,92.9,"A versatile, Swiss Army knife-type player, Heidenreich projects best as a slot receiver with additional utility in the backfield. He may lack top-100 traits, but his football IQ, toughness and versatility make him an appealing Day 3 option."
197,Jaeden Roberts,G,Alabama,69.5,
198,Tanner Koziol,TE,Houston,78.9,"Koziol is not a traditional in-line tight end, but in a creative offense, he can thrive as a big-slot weapon. His large catch radius and contested-catch ability make him a valuable red-zone option."
199,Zane Durant,DI,Penn State,63.9,"Durant brings elite strength but has yet to translate it into consistent on-field production. His tweener profile and lack of pass-rush success make his projection unclear, though improvement could elevate his stock."
200,Cole Wisniewski,S,Texas Tech,83.9,"Wisniewski projects as a box safety with good awareness and the ability to match up with tight ends, though limited range may cap his role."
201,Chase Roberts,WR,BYU,74.5,
202,Bishop Fitzgerald,S,USC,90.7,"Fitzgerald shows strong instincts and ball skills in coverage, but inconsistent run support and limited slot versatility may restrict his usage."
203,Matt Gulbin,C,Michigan State,82.6,
204,Cole Brevard,DI,Texas,72.6,
205,VJ Payne,S,Kansas State,73.3,"Payne has NFL-caliber size and speed, giving him versatility to play safety or cornerback at the next level."
206,Anez Cooper,G,Miami (FL),68.7,
207,Lorenzo Styles Jr.,S,Ohio State,66.0,
208,Red Murdock,LB,Buffalo,91.2,
209,Dae'Quan Wright,TE,Mississippi,66.4,"Wright is a big-bodied tight end with a strong multi-sport background. He shows solid all-around athleticism, but inconsistency as a blocker may limit his ability to earn significant snaps."
210,Bryson Eason,DI,Tennessee,71.2,
211,George Gumbs Jr.,ED,Florida,66.0,
212,Skyler Gill-Howard,DI,Texas Tech,88.6,
213,Zavion Thomas,WR,LSU,66.2,"Thomas plays with energy and determination, giving him a strong chance to stick on an NFL roster, particularly due to his special teams return ability."
214,Tyren Montgomery,WR,John Carroll,92.6,
215,Oscar Delp,TE,Georgia,63.2,"Delp is an intriguing athlete with a high-effort play style that should get him drafted. However, his limited receiving impact and lack of feel in that area project him as a TE3 or TE4 option."
216,Kendrick Law,WR,Kentucky,71.6,"Law's receiving ability likely limits his chances of making an NFL roster, but his athletic versatility and extensive special teams experience give him a path as a late-round selection."
217,Desmond Reid,HB,Pittsburgh,80.1,"Reid is small, whether you line him up in the backfield or the slot (which might be his home in the pros), but he comes with elite short-area explosiveness and separation ability as a receiver. He will be off some teams' boards solely because of his size, but when you watch the tape, you see a player who deserves consideration, even as a size outlier."
218,Isaiah Nwokobia,S,SMU,67.4,
219,Jack Kelly,LB,BYU,68.7,
220,TJ Hall,CB,Iowa,78.3,
221,Harold Perkins Jr.,LB,LSU,62.4,Perkins is a unique athlete without a clear positional fit due to size and role limitations. He projects as a situational defender and special teams contributor with designed pass-rush usage.
222,Robert Spears-Jennings,S,Oklahoma,58.9,
223,Jadon Canady,CB,Oregon,85.5,"Canady is a smaller, aggressive slot corner with strong ball skills and playmaking instincts. His limitations in run defense and tackling may cap him as a rotational option."
224,Dane Key,WR,Nebraska,65.9,
225,Andre Fuller,CB,Toledo,82.6,
226,Parker Brailsford,C,Alabama,65.6,"Brailsford wins with quickness and technique but has outlier size limitations. While he showed high-level play in 2023, his lack of strength and mass were exposed in 2024, particularly in the run game. He projects best to an outside zone scheme."
227,Domani Jackson,CB,Alabama,73.4,
228,Robert Henry Jr.,HB,UTSA,74.2,
229,Riley Nowakowski,TE,Indiana,79.6,
230,Colbie Young,WR,Georgia,76.3,
231,TJ Guy,ED,Michigan,64.3,
232,Nick Barrett,DI,South Carolina,76.2,
233,Roman Hemby,HB,Indiana,80.9,"Hemby lacks top-end explosiveness as a runner, but his high football IQ, consistent effort and competitive toughness — combined with useful third-down traits — give him a path to earn a roster or practice-squad spot at the next level."
234,Noah Thomas,WR,Georgia,57.9,
235,Max Bredeson,TE,Michigan,76.2,
236,J. Michael Sturdivant,WR,Florida,62.7,"Sturdivant is a big, explosive outside ""X"" receiver with three-down potential, strong play strength and athleticism. However, there is a lack of nuance and feel to his game, which could always keep you wanting more if that does not improve."
237,Kaden Wetjen,WR,Iowa,64.9,"Wetjen, a former track sprinter, has a chance to be drafted and make a roster due to his return ability. While his receiving production was limited over five seasons, he showed promise as a route runner during Shrine Bowl practices."
238,Deven Eastern,DI,Minnesota,67.3,
239,Terion Stewart,HB,Virginia Tech,73.9,"Stewart's elite missed-tackles-forced and yards-after-contact efficiency will warrant draft consideration. Still, major ball-security concerns, limited receiving résumé and an overall lack of polish currently cap his projection. Without improvement in those areas, earning and maintaining coaches' trust at the next level will be a challenge."
240,Jalon Daniels,QB,Kansas,77.1,
241,DJ Harvey,CB,USC,55.3,
242,Micah Morris,G,Georgia,72.0,
243,Vincent Anthony Jr.,ED,Duke,58.2,Anthony has excellent length and finesse as a pass rusher but must improve strength and physicality to earn playing time.
244,Tyler Onyedim,DI,Texas A&M,71.9,
245,Lake McRee,TE,USC,69.0,"McRee is a solid overall athlete for an ""F"" tight end. While run blocking will not be a strength, his pass protection ability provides some in-line utility. His best fit is as a big-slot option, likely in the mid-Day 3 range."
246,Taylen Green,QB,Arkansas,82.5,"Green is a well-built, athletically gifted prospect whose inconsistent passing will likely hold him back from a shot at a starter role (and maybe even a backup) in the pros. However, he is such a good athlete that a change to tight end or wide receiver could be in the cards."
247,Jalen Huskey,S,Maryland,83.6,
248,Cole Payton,QB,North Dakota State,95.9,"In a world where people like to force ""the next Taysom Hill"" each draft season, Payton actually has the ingredients to potentially be worthy of that comparison. He is a well-above-average athlete for the position and a decent enough passer (lefty) to play as an H-back and even a dropback quarterback in a pinch. However, his play as a quarterback under pressure against NFL-caliber competition is still quite unproven."
249,DeVonta Smith,CB,Notre Dame,72.4,
250,Eric Gentry,LB,USC,72.0,
251,Rahsul Faison,HB,South Carolina,68.8,"Faison will be one of the oldest prospects in the 2026 NFL Draft, but he has the frame and punishing rushing style to hear his name called on Day 3, with a chance to make a roster thanks to high yards-after-contact averages, a career of good ball security and a story of resilience to get to this point in his football life."
252,Ceyair Wright,CB,Nebraska,66.6,"Wright offers an appealing athletic foundation worth developing. He must add strength and play with more aggression to handle man coverage, but he has starter upside in zone-heavy systems."
253,James Thompson Jr.,DI,Illinois,76.5,
254,Fa'alili Fa'amoe,T,Wake Forest,67.7,
255,Luke Altmyer,QB,Illinois,78.0,"Altmyer's physical limitations lower his ceiling in the pros, but due to his high football IQ and how calm he is as a pocket passer with good feel, timing and touch, he presents a good floor as a backup quarterback who could come in and start with moderate success in a pinch."
256,Vinny Anthony II,WR,Wisconsin,67.7,
257,Sawyer Robertson,QB,Baylor,70.3,"Robertson has NFL-caliber tools (arm strength and overall size), but his inconsistent fundamentals lead to too many inconsistent results and negative plays in his current state. That must be cleaned up before he gets a starting shot in the pros."
258,Lewis Bond,WR,Boston College,74.5,
259,Haynes King,QB,Georgia Tech,85.9,
260,Keagen Trost,T,Missouri,92.0,
261,Joey Aguilar,QB,Tennessee,90.5,
262,Ethan Onianwa,G,Ohio State,58.2,
263,Diego Pavia,QB,Vanderbilt,92.2,"Pavia will be any team's fan favorite the moment he is drafted. He is the ultimate underdog and competitor, but his lack of physical abilities will likely not yield much of a chance at quarterback in the NFL — perhaps he can be a utility offensive weapon as a tight end or fullback."
264,Michael Heldman,ED,Central Michigan,93.2,
265,Jeadyn Lukus,CB,Clemson,56.1,
266,Xavian Sorey Jr.,LB,Arkansas,50.3,
267,Josh Moten,CB,Southern Miss,80.1,
268,Joshua Braun,G,Kentucky,62.5,
269,Ahmari Harvey,CB,Georgia Tech,71.9,
270,Patrick Payton,ED,LSU,69.0,
271,Jalen Catalon,S,Missouri,74.1,
272,Miller Moss,QB,Louisville,68.2,
273,Seydou Traore,TE,Mississippi State,60.3,
274,Tyreek Chappell,CB,Texas A&M,63.2,
275,Tommy Castellanos,QB,Florida State,85.1,
276,Eric O'Neill,ED,Rutgers,74.5,
277,Logan Fano,ED,Utah,78.8,
278,Trebor Pena,WR,Penn State,75.0,
279,Lander Barton,LB,Utah,61.7,
280,Jake Retzlaff,QB,Tulane,81.6,
281,Connor Tollison,C,Missouri,62.7,"Tollison is an experienced, athletic center who fits best in an outside zone system. His quick feet allow him to execute reach blocks and mirror defenders, but his lack of length and mass limits his effectiveness in sustaining blocks."
282,Dillon Bell,WR,Georgia,57.7,"Bell was a four-year starter at Georgia due to his competitive toughness, size, strength and blocking ability. However, as a receiver, he struggled to stand out — a challenge that will only intensify at the next level."
283,Chip Trayanum,HB,Toledo,76.7,Trayanum is a compact back with a strong lower body whose best path to being drafted and making a roster likely comes as a third-down and short-yardage specialist in a predominantly power-based rushing scheme.
284,Jaren Kanak,TE,Oklahoma,64.0,
285,Jamal Haynes,HB,Georgia Tech,66.1,
286,Malik Benson,WR,Oregon,73.0,
287,Joe Fagnano,QB,Connecticut,87.0,
288,Keyshawn James-Newby,ED,New Mexico,88.8,
289,Riley Mahlman,T,Wisconsin,62.9,
290,Kyron Drones,QB,Virginia Tech,69.9,
291,Athan Kaliakmanis,QB,Rutgers,88.8,
292,DJ Rogers,TE,TCU,72.4,"Rogers is a late-blooming tight end with limited usage but intriguing traits. His athletic build, movement skills and reliable hands project him as a depth receiving option with alignment flexibility."
293,Jam Miller,HB,Alabama,66.2,"Miller has a powerful NFL build with a throwback, between-the-tackles style. Unfortunately, his lack of creativity with the ball in his hands will make securing a roster spot difficult."
294,Louis Moore,S,Indiana,82.5,"Moore lacks ideal size and athleticism, but his football IQ gives him a chance to develop into a depth free safety in two-high systems."
295,Jordan van den Berg,DI,Georgia Tech,75.0,
296,Tomas Rimac,G,Virginia Tech,59.3,
297,Jakobe Thomas,S,Miami (FL),87.3,"Thomas offers intriguing size and physicality as an enforcer-type safety, but inconsistency likely limits him to a rotational role."
298,RJ Maryland,TE,SMU,62.4,
299,Jackie Marshall,DI,Baylor,55.7,
300,Caden Barnett,G,Wyoming,71.3,
301,Damonic Williams,DI,Oklahoma,56.1,
302,Keeshawn Silver,DI,USC,56.4,"Silver is a massive, long defensive lineman with rare physical traits. Primarily used as a 0-tech in a two-gapping scheme, he excels at holding ground in run defense but offers limited pass-rush production due to average overall athleticism."
303,Carsen Ryan,TE,BYU,82.6,
304,Xavier Nwankpa,S,Iowa,70.9,
305,Bryce Foster,C,Kansas,69.0,"Foster has ideal size to play guard or center, though shorter arms may push him inside. He brings a quick first step, strong coordination and power in zone schemes, along with a physical, finishing mentality. Improving pad level would help unlock more consistency."
306,Ben Bell,ED,Virginia Tech,70.3,
307,Noah Whittington,HB,Oregon,83.6,
308,Davion Carter,G,Texas Tech,70.8,"Carter is an undersized interior prospect whose lack of height and length likely projects him to center despite no college experience there. He offers quick hands and natural leverage, but his balance and ability to anchor against power remain concerns."
309,Jack Velling,TE,Michigan State,63.2,
310,Latrell McCutchin Sr.,CB,Houston,78.2,
311,Travis Burke,T,Memphis,84.5,
312,Brandon Cleveland,DI,North Carolina State,72.1,"Cleveland is a technically sound nose tackle who understands leverage and angles, particularly against double teams. He lacks elite strength and explosiveness but profiles as a dependable depth player who can handle interior dirty work."
313,Dean Connors,HB,Houston,76.6,
314,Luke Petitbon,C,Florida State,71.9,
315,Behren Morton,QB,Texas Tech,72.0,
316,Squirrel White,WR,Florida State,51.0,
317,Micah Pettus,T,Florida State,72.5,
318,Gary Smith III,DI,UCLA,75.4,
319,Hank Beatty,WR,Illinois,82.4,
320,Jordan Hudson,WR,SMU,72.6,
321,Austin Brown,S,Wisconsin,51.5,
322,Harrison Wallace III,WR,Mississippi,73.1,
323,Jeff Persi,T,Pittsburgh,46.4,
324,Fernando Carmona,G,Arkansas,71.2,
325,Cameron Ball,DI,Arkansas,70.6,
326,Adam Randall,HB,Clemson,72.5,"Randall is an intriguing conversion prospect with rare size-speed traits for the position. His explosiveness and athletic profile should earn him Day 3 consideration, particularly for teams that lean heavily on outside-zone concepts. To carve out a consistent role at the next level, he must improve his vision, patience and overall feel as a runner."
327,Scooby Williams,LB,Texas A&M,78.9,
328,DJ Singleton Jr.,S,Nebraska,72.2,
329,CJ Donaldson,HB,Ohio State,73.2,
330,Jeremiah Franklin,TE,Boston College,65.7,
331,Aidan Hubbard,ED,Northwestern,74.5,
332,Wesley Williams,ED,Duke,71.9,
333,Josh Thompson,G,LSU,64.2,
334,Jack Pyburn,ED,LSU,72.9,
335,Stephen Hall,CB,Missouri,51.9,
336,Caullin Lacy,WR,Louisville,66.7,"Lacy lacks the prototypical size the NFL prefers, but his special teams experience gives him a chance to be selected late in the draft."
337,Grayson James,QB,Boston College,60.0,
338,Emmanuel Henderson Jr.,WR,Kansas,70.9,
339,Logan Diggs,HB,Mississippi,70.1,
340,Jaden Dugger,LB,Louisiana,63.5,
341,Jaren Kump,C,Utah,66.3,
342,Mark Gronowski,QB,Iowa,83.3,
343,Donavon Greene,WR,Virginia Tech,59.0,
344,Bobby Jamison-Travis,DI,Auburn,78.2,
345,Izavion Miller,G,Auburn,63.7,
346,Jimmy Rolder,LB,Michigan,72.2,
347,Anthony Smith,WR,East Carolina,72.4,
348,Dillon Wade,G,Auburn,59.6,
349,Febechi Nwaiwu,G,Oklahoma,69.7,
350,Wesley Bissainthe,LB,Miami (FL),64.7,
351,DaShawn Jones,CB,Alabama,64.1,
352,Ahmaad Moses,S,SMU,70.4,Moses is a feisty competitor but likely lacks the size to stick at safety. He may find a role as a depth slot corner.
353,Al-Jay Henderson,HB,Buffalo,66.8,
354,Chris Hilton Jr.,WR,LSU,51.6,"Hilton brings state-championship-level explosiveness and long speed as a vertical outside receiver, but his game is limited beyond that. He will need to expand his skill set and find more ways to contribute offensively to stick at the next level, even with some special teams experience."
355,Bauer Sharp,TE,LSU,47.9,
356,Mason Randolph,C,Boise State,70.1,
357,Dean Miller,ED,Kansas,70.4,
358,Jaylon Guilbeau,CB,Texas,65.4,
359,Gunner Maldonado,S,Kansas State,65.9,
360,Tanner Arkin,TE,Illinois,68.7,
361,Garrett DiGiorgio,G,UCLA,67.2,
362,Mark Petry,C,Syracuse,,
363,Mo Westmoreland,ED,Tulane,79.2,
364,Evan Beerntsen,G,Northwestern,79.3,
365,Kendal Daniels,S,Oklahoma,77.4,
366,DQ Smith,S,South Carolina,68.0,
367,Maverick McIvor,QB,Western Kentucky,73.2,
368,Devin Mockobee,HB,Purdue,73.7,
369,Avery Smith,CB,Toledo,70.6,
370,Devonte Ross,WR,Penn State,70.3,
371,Jimmori Robinson,ED,West Virginia,51.3,
372,Karson Sharar,LB,Iowa,76.1,
373,Rohan Jones,TE,Arkansas,90.3,
374,Tristan Leigh,T,Clemson,49.5,
375,Daniel King,G,North Carolina,66.3,
376,Barion Brown,WR,LSU,68.5,"Brown's clearest path to an NFL roster is through the return game, where he offers good straight-line speed and extensive experience. As a receiver, he must improve his nuance, tempo and catch consistency to earn a consistent role on offense."
377,Donaven McCulley,WR,Michigan,66.6,
378,Marvin Jones Jr.,ED,Oklahoma,58.2,
379,Enrique Cruz Jr.,T,Kansas,70.3,
380,Marcus Allen,CB,North Carolina,64.1,
381,David Gusta,DI,Kentucky,76.3,
382,JJ Johnson,S,North Carolina State,56.4,
383,Will Kacmarek,TE,Ohio State,77.5,
384,Roydell Williams,HB,Florida State,64.9,
385,Chris Adams,T,Memphis,67.4,
386,Weylin Lapuaho,G,BYU,62.6,
387,Kentrel Bullock,HB,South Alabama,90.3,"Bullock is a tough, straightforward runner who generates solid production through broken tackles and yards after contact in man- and gap-scheme rushing concepts. While he lacks the creativity and agility to project as a lead back, he can provide dependable depth as an RB3 or RB4."
388,Dalton Johnson,S,Arizona,84.8,
389,Shyheim Brown,S,Florida State,56.6,
390,Anthony Hankerson,HB,Oregon State,73.7,
391,Malik Rutherford,WR,Georgia Tech,77.7,
392,Matthew Hibner,TE,SMU,62.6,
393,Trevor Brock,T,Buffalo,74.6,
394,Kam Dewberry,G,Alabama,71.2,
395,Wade Woodaz,LB,Clemson,70.9,
396,Phillip Dunnam,S,UCF,75.3,
397,Blake Shapen,QB,Mississippi State,68.5,
398,Carver Willis,T,Washington,79.9,
399,Angel Johnson,HB,Washington State,66.3,
400,Kobe Prentice,WR,Baylor,72.3,
401,Amari Niblack,TE,Texas A&M,54.6,
402,Khalil Dinkins,TE,Penn State,56.2,
403,J'Onre Reed,C,USC,60.1,
404,Ethan Burke,ED,Texas,83.6,
405,Collin Wright,CB,Stanford,74.9,
406,Davon Booth,HB,Mississippi State,76.3,
407,Jalen Walthall,WR,Incarnate Word,76.8,"Walthall dominated his level of competition at Incarnate Word but does not show the athletic traits needed to replicate that success at the NFL level, especially given his lighter build and limited strength profile."
408,Ethan Conner,TE,Troy,60.6,
409,Mason Murphy,T,Auburn,65.8,
410,Nick Dawkins,C,Penn State,70.3,
411,Jacobian Guillory II,DI,LSU,64.5,
412,Roy Williams,ED,Northern Illinois,65.0,
413,Jordan Mosley,WR,Colorado State,49.9,
414,Toriano Pride Jr.,CB,Missouri,74.4,
415,Jaquez Moore,HB,Duke,71.6,
416,Miles Capers,ED,Vanderbilt,68.0,
417,Max Tomczak,WR,Youngstown State,85.0,
418,Chamon Metayer,TE,Arizona State,56.3,"Metayer is a big-bodied, contested-catch tight end who could develop into a serviceable depth option if he continues to add strength."
419,Nyjalik Kelly,ED,UCF,75.9,
420,Tyler Van Dyke,QB,SMU,,
421,Cash Jones,HB,Georgia,66.4,
422,Matt Lauter,TE,Boise State,49.6,
423,Corey Walker,ED,Wisconsin,69.4,
424,Ryan Mosesso,T,Massachusetts,54.2,
425,Kaidon Salter,QB,Colorado,64.4,
426,Jordan Pollard,LB,San Jose State,61.0,
427,Alan Herron,T,Maryland,71.2,
428,Romello Brinson,WR,SMU,59.0,"Brinson's slender build and lack of NFL-caliber athleticism mean that, to stick in the league as a ""Z"" receiver, he will need to significantly improve his catch consistency both in contested situations and on routine targets."
429,Caleb Fauria,TE,Delaware,,
430,Logan Taylor,G,Boston College,70.8,
431,Desmond Purnell,LB,Kansas State,66.1,
432,Justin Jefferson,LB,Alabama,67.7,
433,Ricardo Hallman,CB,Wisconsin,71.0,
434,Kam Olds,ED,Kentucky,71.1,
435,James Brockermeyer,C,Miami (FL),72.5,
436,Triston Newson,LB,Missouri,63.2,
437,Zach Calzada,QB,Kentucky,46.5,
438,Ja'Mori Maclin,WR,Kentucky,61.1,
439,Alex Harkey,T,Oregon,65.0,
440,Ka'ena Decambra,C,Arizona,67.9,
441,DT Sheffield,WR,Rutgers,61.8,
442,Namdi Obiazor,LB,TCU,71.5,
443,Trey Smack,K,Florida,,
444,Will Ferrin,K,BYU,,
445,Drew Stevens,K,Iowa,,
446,Dominic Zvada,K,Michigan,,
447,Brett Thorson,P,Georgia,,
448,Ryan Eckley,P,Michigan State,,
449,Jack Stonehouse,P,Syracuse,,
450,Tommy Doman,P,Florida,,